PPOS;rfp;HFG;salesName
DUMMY_58_A;DAISY CHAIN WAFER;A;A2G_OPM
DUMMY_58_A;DAISY CHAIN WAFER;A;DAISY CHAIN WAFER
SAB-TC389QP_PD-516_CU;SAK-TC389QP-160F300S;X;FBGA-516-TRAY
SAB-TC497XP_292_CUP_COM;SAA-TC497XP-24HO400CC;Y;SAA-TC497XE-24HO400CC AA
SAB-TC497XP_292_CUP_COM;SAA-TC497XP-24HO400CC;Y;SAA-TC497XP-24HO400CC AA
SAB-TC499XP_436_CUP_COM;SAA-TC499XP-24HO400CC;Y;SAA-TC499XE-24HO400CC AA
SAB-TC4D7XP_292_CUP_COM;SAA-TC4D7XP-20MF500CC;Y;SAA-TC4D7XP-20MF500CC AA
SAB-TC4D7XP_292_MOD_COM;SAA-TC4D7XP-20MF500MC;Y;SAA-TC4D7XP-20MF500MC AA
SAB-TC4D9XP_436_CUP_COM;SAA-TC4D9XP-20MF500CC;Y;SAA-TC4D9XP-20MF500CC AA
SAB-TC4D9XP_436_MOD_COM;SAA-TC4D9XP-20MF500MC;Y;SAA-TC4D9XP-20MF500MC AA
SAB-TC1387A-392F150EF_CU;SAK-TC1337A-136F150EF_CU;A;SAK-TC1337A-136F150EF AA
SAB-TC1387A-392F150EF_CU;SAK-TC1367A-264F150EF_CU;A;SAK-TC1367A-264F150EF AA
SAB-TC1387A-392F180EF_CU;SAK-TC1387A-392F180EF_CU;A;SAK-TC1387A-392F180EF AA
SAB-TC1387ED-392FEB;SAK-TC1387ED-392FEB;A;SAK-TC1387ED-392F150EBAA
SAB-TC1724ED-192FH;SAK-TC1724ED-192FH;A;SAK-TC1724ED-192F133HLAB
SAB-TC1724-192FHR_CU;SAK-TC1724F-192FHR;A;SAK-TC1724F-192F133HR AB
SAB-TC1724-192FF_CU;SAK-TC1724F-192F;A;SAK-TC1724F-192F133HR AC
SAB-TC1724-192FF_CU;SAK-TC1724N-192F;A;SAK-TC1724N-192F133HR AC
SAB-TC1724-192FHR_CU;SAK-TC1724N-192FHR;A;SAK-TC1724N-192F80HR AB
SAB-TC1724-192FF_CU;SAK-TC1724N-192F;A;SAK-TC1724N-192F80HR AC
SAB-TC1728ED-192FH;SAB-TC1728ED-192FH;A;SAK-TC1728ED-192F133HLAB
SAB-TC1728-192FF_CU;SAK-TC1728F-192F;A;SAK-TC1728F-192F133HR AC
SAB-TC1728-192FF_CU;SAK-TC1728N-192F;A;SAK-TC1728N-192F133HR AC
SAB-TC1728-192FF_CU;SAK-TC1728N-192F;A;SAK-TC1728N-192F133HR AC
SAB-TC1728-192FF_CU;SAK-TC1728N-192F;A;SAK-TC1728N-192F133HR AC
SAB-TC1736-128FHL;SAK-TC1736-128FHL;A;SAK-TC1736-128F80HL AA
SAB-TC1736ED-128FHL;SAB-TC1736ED-128FHL;A;SAK-TC1736ED-128F80HL AA
SAB-TC1767-256FHL;SAK-TC1738-256FHL;A;SAK-TC1738-192F80HL AD
SAB-TC1766-192FHL_AU;SAK TC1762-128F80HL_AU;A;SAK-TC1762-128F66HL AC
SAB-TC1766-192FHL_AU;SAK TC1762-128F80HL_AU;A;SAK-TC1762-128F66HL AC
SAB-TC1766-192FHL_AU;SAK TC1762-128F80HL_AU;A;SAK-TC1762-128F66HL AC
SAB-TC1766-192FHL;SAK TC1766-192F80HL;A;SAK-TC1766-192F80HL BD
SAB-TC1766-192FHL_AU;SAB-TC1766-192FHL_AU;A;SAK-TC1766-192F80HL BD
SAB-TC1766ED-192FHL;SAK-TC1766ED-192FHL;A;SAK-TC1766ED-192F80HL BB
SAB-TC1767-256FHL;SAK-TC1767-256FHLF;A;SAK-TC1767-256F133HL AD
SAB-TC1767-256FHL;SAK-TC1767-256FHLF;A;SAK-TC1767-256F133HL AD
SAB-TC1767-256FHL;SAK-TC1767-256FHLF;A;SAK-TC1767-256F133HL AD
SAB-TC1767-256FHL;SAK-TC1767-256FHLF;A;SAK-TC1767-256F133HL AD
SAB-TC1767-256FHR_CU;SAK-TC1767-256F133_CU;A;SAK-TC1767-256F133HR AD
SAB-TC1767-256FHR_CU;SAK-TC1767-256F133_CU;A;SAK-TC1767-256F133HR AD
SAB-TC1767-256FHX;SAK-TC1767-256FHX;A;SAK-TC1767-256F133HX AD
SAB-TC1767-256FHL;SAK-TC1767-256FHL;A;SAK-TC1767-256F80HL AD
SAB-TC1767-256FHR_CU;SAK-TC1767-256F80_CU;A;SAK-TC1767-256F80HR AD
SAB-TC1767ED-256FHL;SAK-TC1767ED-256FHL;A;SAK-TC1767ED-256F133HLAD
SAB-TC1782ED-320FHL;SAK-TC1782ED-320FHL;A;SAK-TC1782ED320F180HL AC
SAB-TC1782-320FHL;SAK-TC1782-320FHL;A;SAK-TC1782F-320F160HL BA
SAB-TC1782-320FF_CU;SAK-TC1782F-320F;A;SAK-TC1782F-320F160HR BA
SAB-TC1782-320FHR_CU;SAK-TC1782F-320FHR;A;SAK-TC1782F-320F160HR BA
SAB-TC1782-320FHL;SAK-TC1782-320FHL;A;SAK-TC1782F-320F180HL BA
SAB-TC1782-320FHL_M1947C;SAK-TC1782F-320FHL_Old step;A;SAK-TC1782F-320F180HL BA
SAB-TC1782-320FHL_M1947C;SAK-TC1782F-320FHL_Old step;A;SAK-TC1782F-320F180HL BA
SAB-TC1782-320FF_CU;SAK-TC1782F-320F;A;SAK-TC1782F-320F180HR BA
SAB-TC1782-320FHR_CU;SAK-TC1782F-320FHR;A;SAK-TC1782F-320F180HR BA
SAB-TC1782FHR_CA_CU;SAB-TC1782FHR_CA_CU;A;SAK-TC1782F-320F180HR CA
SAB-TC1782-320FHL;SAK-TC1782-320FHL;A;SAK-TC1782N-256F133HL BA
SAB-TC1782-320FF_CU;SAK-TC1782N-256F;A;SAK-TC1782N-256F133HR BA
SAB-TC1782-320FHL;SAK-TC1782-320FHL;A;SAK-TC1782N-320F160HL BA
SAB-TC1782-320FHR_CU;SAK-TC1782N-320FHR;A;SAK-TC1782N-320F160HR BA
SAB-TC1782-320FF_CU;SAK-TC1782N-320F;A;SAK-TC1782N-320F160HR BA
SAB-TC1782-320FHL;SAK-TC1782-320FHL;A;SAK-TC1782N-320F180HL BA
SAB-TC1782-320FHR_CU;SAK-TC1782N-320FHR;A;SAK-TC1782N-320F180HR BA
SAB-TC1782-320FF_CU;SAK-TC1782N-320F;A;SAK-TC1782N-320F180HR BA
SAB-TC1782-320FF_CU;SAK-TC1782N-320F;A;SAK-TC1782N-320F180HR BA
SAB-TC1784ED-320FEL;SAK-TC1784ED-320FHL;A;SAK-TC1784ED-320F180HLAC
SAB-TC1784-320FEL;SAK-TC1784F-320F180EL;A;SAK-TC1784F-320F180EL BA
SAB-TC1784-320FEP_CU;SAK-TC1784F-320F180EDA;A;SAK-TC1784F-320F180EP BA
SAB-TC1791ED-512FEL;SAK-TC1791ED-512FE;A;SAK-TC1791ED-512F240ELAB
SAB-TC1791-512FF_CU;SAK-TC1791F-512F240F;A;SAK-TC1791F-512F240EP AB
SAB-TC1791-512FF_CU;SAK-TC1791S-384F200F;A;SAK-TC1791S-384F200EP AB
SAB-TC1791-512FF_CU;SAK-TC1791S-512F240F;A;SAK-TC1791S-512F240EP AB
SAB-TC1793ED-512FEB;SAK-TC1793ED-512FEB;A;SAK-TC1793ED-512F270EBAB
SAB-TC1793ED-512FEB;SAK-TC1793ED-512FEB;A;SAK-TC1793ED-512F270EFAB
SAB-TC1793-512FF_CU;SAK-TC1793F-512F200F;A;SAK-TC1793F-512F200EF AB
SAB-TC1793-512FEF_CU;SAB-TC1793-512F270EF;A;SAK-TC1793F-512F270EF AB
SAB-TC1793-512FF_CU;SAK-TC1793F-512F270F;A;SAK-TC1793F-512F270EF AB
SAB-TC1793-512FF_CU;SAK-TC1793S-512F270F;A;SAK-TC1793S-512F270EF AB
SAB-TC1793-512FF_CU;SAK-TC1793S-512F270F;A;SAK-TC1793S-512F270EF AB
SAB-TC1796-256FE [BE;SAK-TC1796-256FE [BE;A;SAK-TC1796-256F150E BE
SAB-TC1796-256FE BE G;SAK-TC1796-256F150E BE;A;SAK-TC1796-256F150E BE
SAB-TC1796-256FE X;SAK-TC1796-256F150EX BE;A;SAK-TC1796-256F150EX BE
SAB-TC1796-256FE XG;SAK-TC1796-256F150E XG;A;SAK-TC1796-256F150EX BE
SAB-TC1796-256FE X;SAK-TC1796-256F180EX BE;A;SAK-TC1796-256F180EX BE
SAB-TC1796ED-256FF;SAB-TC1796ED-256FF;A;SAK-TC1796ED-256F150 BC
SAB-TC1797-512FE-G;SAK-TC1797-384FE-G;A;SAK-TC1797-384F150E AC
SAB-TC1797-512FE-G_CU;SAK-TC1797-384FE-G_CU;A;SAK-TC1797-384F150EF AC
SAB-TC1797-512FE_CU;SAK-TC1797-512FE_CU;A;SAK-TC1797-512F180EF AC
SAB-TC1797-512FE-G_CU;SAK-TC1797-512FE-G_CU;A;SAK-TC1797-512F180EF AC
SAB-TC1797-512FE-XG_CU;SAK-TC1797-512FE-XG_CU;A;SAK-TC1797-512F180EFX AC
SAB-TC1797-512FE-XG;SAK-TC1797-512FE-XG;A;SAK-TC1797-512F180EX AC
SAB-TC1797-512FE-XG;SAK-TC1797-512FE-XG;A;SAK-TC1797-512F180EX AC
SAB-TC1797ED-512FE;SAK-TC1797ED-512FE;A;SAK-TC1797ED-512F180E AC
SAB-TC1797ED-512FE;SAK-TC1797ED-512FE;A;SAK-TC1797EO-512F180E AC
SAB-TC1798ED-512FEL;SAK-TC1798ED-512FEL;A;SAK-TC1798ED-512F300ELAB
SAB-TC1798-512FEP_CU;SAB-TC1798-512FEP;A;SAK-TC1798F-512F300EP AB
SAB-TC1798-512FEP_CU;SAK-TC1798-512FEPA;A;SAK-TC1798F-512F300EP AB
SAB-TC222L (PD-80)_CU;SAK-TC212L-8F133F;M;SAK-TC212L-8F133F AB
SAB-TC222L_PD-80_Z_CU;SAK-TC212L-8F133F Z NON CAN FD;M;SAK-TC212L-8F133F AC
SAB-TC222L_PD-80_Z_CU;SAK-TC222L-XXF133N Z CAN FD;M;SAK-TC212L-8F133N AC
SAB-TC222L (PD-80)_CU;SAK-TC212S-8F133F;M;SAK-TC212S-8F133F AB
SAB-TC222L_PD-80_Z_CU;SAK-TC222S-XXF133F Z NON CAN FD;M;SAK-TC212S-8F133F AC
SAB-TC222L_PD-80_Z_CU;SAK-TC222S-XXF133N Z CAN FD;M;SAK-TC212S-8F133N AC
SAB-TC222L_PD-80_Z_CU;SAK-TC222S-XXF133N Z CAN FD;M;SAK-TC212S-8F133N AC
SAB-TC222L_PD-80_Z_CU;SAK-TC222S-XXF133N Z CAN FD;M;SAK-TC212S-8F133SC AC
SAB-TC223L (PD-100)_CU;SAK-TC213L-8F133F;M;SAK-TC213L-8F133F AB
SAB-TC223L_PD-100_Z_CU;SAK-TC223L-XXF133F Z NON CAN FD;M;SAK-TC213L-8F133F AC
SAB-TC223L_PD-100_Z_CU;SAK-TC223L-XXF133N Z CAN FD;M;SAK-TC213L-8F133N AC
SAB-TC223L (PD-100)_CU;SAK-TC213S-8F133F;M;SAK-TC213S-8F133F AB
SAB-TC224L (PD-144)_CU;SAK-TC214L-8F133F;M;SAK-TC214L-8F133F AB
SAB-TC224L_PD-144_Z_CU;SAK-TC224L-XXF133N Z CAN FD;M;SAK-TC214L-8F133N AC
SAB-TC224L (PD-144)_CU;SAK-TC214S-8F133F;M;SAK-TC214S-8F133F AB
SAB-TC222L (PD-80)_CU;SAK-TC222L-12F133F;M;SAK-TC222L-12F133F AB
SAB-TC222L (PD-80)_CU;SAK-TC222L-16F133F;M;SAK-TC222L-16F133F AB
SAB-TC222L (PD-80)_CU;SAK-TC222L-16F133F;M;SAK-TC222L-16F133F AB
SAB-TC222L_PD-80_Z_CU;SAK-TC212L-8F133F Z NON CAN FD;M;SAK-TC222L-16F133F AC
SAB-TC222L_PD-80_Z_CU;SAK-TC222L-XXF133N Z CAN FD;M;SAK-TC222L-16F133N AC
SAB-TC222L (PD-80)_CU;SAK-TC222S-12F133F;M;SAK-TC222S-12F133F AB
SAB-TC222L (PD-80)_CU;SAK-TC222S-12F133F;M;SAK-TC222S-12F133F AB
SAB-TC222L_PD-80_Z_CU;SAK-TC222S-XXF133F Z NON CAN FD;M;SAK-TC222S-12F133F AC
SAB-TC222L_PD-80_Z_CU;SAK-TC222S-XXF133F Z NON CAN FD;M;SAK-TC222S-12F133F AC
SAB-TC222L_PD-80_Z_CU;SAK-TC222S-XXF133N Z CAN FD;M;SAK-TC222S-12F133N AC
SAB-TC222L (PD-80)_CU;SAK-TC222S-16F133F;M;SAK-TC222S-16F133F AB
SAB-TC222L_PD-80_Z_CU;SAK-TC222S-XXF133F Z NON CAN FD;M;SAK-TC222S-16F133F AC
SAB-TC222L_PD-80_Z_CU;SAK-TC222S-XXF133N Z CAN FD;M;SAK-TC222S-16F133N AC
SAB-TC223L (PD-100)_CU;SAK-TC223L-12F133F;M;SAK-TC223L-12F133F AB
SAB-TC223L_PD-100_Z_CU;SAK-TC223L-XXF133F Z NON CAN FD;M;SAK-TC223L-12F133F AC
SAB-TC223L (PD-100)_CU;SAK-TC223L-16F133F;M;SAK-TC223L-16F133F AB
SAB-TC223L_PD-100_Z_CU;SAK-TC223L-XXF133F Z NON CAN FD;M;SAK-TC223L-16F133F AC
SAB-TC223L_PD-100_Z_CU;SAK-TC223L-XXF133N Z CAN FD;M;SAK-TC223L-16F133N AC
SAB-TC223L (PD-100)_CU;SAK-TC223S-12F133F;M;SAK-TC223S-12F133F AB
SAB-TC223L (PD-100)_CU;SAK-TC223S-16F133F;M;SAK-TC223S-16F133F AB
SAB-TC223L_PD-100_Z_CU;SAK-TC223S-16F133F Z NON CAN FD;M;SAK-TC223S-16F133F AC
SAB-TC224L (PD-144)_CU;SAK-TC224L-16F133F;M;SAK-TC224L-16F133F AB
SAB-TC224L_PD-144_Z_CU;SAK-TC224L-16F133F Z NON CAN FD;M;SAK-TC224L-16F133F AC
SAB-TC224L_PD-144_Z_CU;SAK-TC224L-XXF133N Z CAN FD;M;SAK-TC224L-16F133N AC
SAB-TC233L (PD-100)_CU;SAK-TC233L-32F200F;M;SAK-TC233L-32F200F AB
SAB-TC233L (PD-100)_CU;SAK-TC233L-32F200F;M;SAK-TC233L-32F200F AB
SAB-TC233L_PD-100_Z_CU;SAK-TC233L-XXF200F Z NON CAN FD;M;SAK-TC233L-32F200F AC
SAB-TC233L_PD-100_Z_CU;SAK-TC233L-XXF200F Z NON CAN FD;M;SAK-TC233L-32F200F AC
SAB-TC233L_PD-100_Z_CU;SAK-TC233L-XXF200N Z CAN FD;M;SAK-TC233L-32F200N AC
SAB-TC233L_PD-100_Z_CU;SAK-TC233L-XXF200N Z CAN FD;M;SAK-TC233L-32F200N AC
SAB-TC233L (PD-100)_CU;SAK-TC233LC-24F133F;M;SAK-TC233LC-24F133F AB
SAB-TC233L_PD-100_Z_CU;SAK-TC233L-XXF200F Z NON CAN FD;M;SAK-TC233LC-24F133F AC
SAB-TC233L_PD-100_Z_CU;SAK-TC233L-XXF200F Z NON CAN FD;M;SAK-TC233LC-24F133F AC
SAB-TC233L_PD-100_Z_CU;SAK-TC233L-XXF200N Z CAN FD;M;SAK-TC233LC-24F133N AC
SAB-TC233L (PD-100)_CU;SAK-TC233LP-16F200F;M;SAK-TC233LP-16F200F AB
SAB-TC233L_PD-100_Z_CU;SAK-TC233L-XXF200F Z NON CAN FD;M;SAK-TC233LP-16F200F AC
SAB-TC233L_PD-100_Z_CU;SAK-TC233L-XXF200N Z CAN FD;M;SAK-TC233LP-16F200N AC
SAB-TC233L_PD-100_Z_CU;SAK-TC233L-XXF200N Z CAN FD;M;SAK-TC233LP-24F200N AC
SAB-TC233L (PD-100)_CU;SAK-TC233LP-32F200F;M;SAK-TC233LP-32F200F AB
SAB-TC233L_PD-100_Z_CU;SAK-TC233L-XXF200F Z NON CAN FD;M;SAK-TC233LP-32F200F AC
SAB-TC233L_PD-100_Z_CU;SAK-TC233L-XXF200F Z NON CAN FD;M;SAK-TC233LP-32F200F AC
SAB-TC233L_PD-100_Z_CU;SAK-TC233L-XXF200F Z NON CAN FD;M;SAK-TC233LP-32F200F AC
SAB-TC233L_PD-100_Z_CU;SAK-TC233L-XXF200N Z CAN FD;M;SAK-TC233LP-32F200N AC
SAB-TC233L_PD-100_Z_CU;SAK-TC233L-XXF200N Z CAN FD;M;SAK-TC233LP-32F200N AC
SAB-TC233L_PD-100_Z_CU;SAK-TC233L-XXF200N Z CAN FD;M;SAK-TC233LP-32F200N AC
SAB-TC233L_PD-100_Z_CU;SAK-TC233S-32F200N Z CAN FD;M;SAK-TC233S-32F200N AC
SAB-TC233L_PD-100_Z_CU;SAK-TC233S-32F200N Z CAN FD;M;SAK-TC233S-32F200N AC
SAB-TC233L_PD-100_Z_CU;SAK-TC233S-32F200N Z CAN FD;M;SAK-TC233SP-32F200N AC
SAB-TC233L_PD-100_Z_CU;SAK-TC233S-32F200N Z CAN FD;M;SAK-TC233SP-32F200N AC
SAB-TC234L_PD-144_Z_CU;SAK-TC234L-XXF200F Z NON CAN FD;M;SAK-TC234L-24F200F AC
SAB-TC234L_PD-144_Z_CU;SAK-TC234L-XXF200N Z CAN FD;M;SAK-TC234L-24F200N AC
SAB-TC234L (PD-144)_CU;SAK-TC234L-32F200F;M;SAK-TC234L-32F200F AB
SAB-TC234L_PD-144_Z_CU;SAK-TC234L-XXF200F Z NON CAN FD;M;SAK-TC234L-32F200F AC
SAB-TC234L_PD-144_Z_CU;SAK-TC234L-XXF200N Z CAN FD;M;SAK-TC234L-32F200N AC
SAB-TC234LE (ED-144)_CU;SAK-TC234LA-32F200F;M;SAK-TC234LA-32F200F AB
SAB-TC234L_PD-144_Z_CU;SAK-TC234L-XXF200F Z NON CAN FD;M;SAK-TC234LC-24F133F AC
SAB-TC234LE (ED-144)_CU;SAK-TC234LF-32F200F;M;SAK-TC234LF-32F200F AB
SAB-TC234LE (ED-144)_CU;SAK-TC234LA-32F200F;M;SAK-TC234LH-32F200F AB
SAB-TC234L (PD-144)_CU;SAK-TC234LP-16F200F;M;SAK-TC234LP-16F200F AB
SAB-TC234L_PD-144_Z_CU;SAK-TC234L-XXF200F Z NON CAN FD;M;SAK-TC234LP-16F200F AC
SAB-TC234L_PD-144_Z_CU;SAK-TC234L-XXF200F Z NON CAN FD;M;SAK-TC234LP-24F200F AC
SAB-TC234L (PD-144)_CU;SAK-TC234LP-32F200F;M;SAK-TC234LP-32F200F AB
SAB-TC234L_PD-144_Z_CU;SAK-TC234L-XXF200F Z NON CAN FD;M;SAK-TC234LP-32F200F AC
SAB-TC234L_PD-144_Z_CU;SAK-TC234L-XXF200F Z NON CAN FD;M;SAK-TC234LP-32F200F AC
SAB-TC234L_PD-144_Z_CU;SAK-TC234L-XXF200N Z CAN FD;M;SAK-TC234LP-32F200N AC
SAB-TC234L_PD-144_Z_CU;SAK-TC234L-XXF200N Z CAN FD;M;SAK-TC234LP-32F200N AC
SAB-TC234LE (ED-144)_CU;SAK-TC234LX-32F200F;M;SAK-TC234LX-32F200F AB
SAB-TC234LE (ED-144)_CU;SAK-TC234LX-32F200F;M;SAK-TC234LX-32F200F AB
SAB-TC237L_PD-292_Z_CU;SAK-TC237LP-32F200N Z CAN FD;M;SAK-TC237L-32F200N AC
SAB-TC237L (PD-292)_CU;SAK-TC237L-32F200S;M;SAK-TC237L-32F200S AB
SAB-TC237L_PD-292_Z_CU;SAK-TC237L-32F200S Z NON CAN FD;M;SAK-TC237L-32F200S AC
SAB-TC237LE_ED-292_CU;SAK-TC237LF-32F200S;M;SAK-TC237LF-32F200S AB
SAB-TC237L_PD-292_Z_CU;SAK-TC237LP-32F200N Z CAN FD;M;SAK-TC237LP-32F200N AC
SAB-TC237L_PD-292_Z_CU;SAK-TC237LP-32F200N Z CAN FD;M;SAK-TC237LP-32F200N AC
SAB-TC237L (PD-292)_CU;SAK-TC237L-32F200S;M;SAK-TC237LP-32F200S AB
SAB-TC237L (PD-292)_CU;SAK-TC237L-32F200S;M;SAK-TC237LP-32F200S AB
SAB-TC237L_PD-292_Z_CU;SAK-TC237L-32F200S Z NON CAN FD;M;SAK-TC237LP-32F200S AC
SAB-TC264D_PD-144_Z_CU;SAK-TC264D-40F200N Z CAN FD;M;SAK-TC264D-40F200N BC
SAB-TC264D_PD-144_Z_CU;SAK-TC264D-40F200N Z CAN FD;M;SAK-TC264D-40F200N BC
SAB-TC264D_PD-144_Z_CU;SAK-TC264D-40F200N Z CAN FD;M;SAK-TC264D-40F200N BC
SAB-TC264D (PD-144)_CU;SAK-TC264D-40F200W (PD-144);M;SAK-TC264D-40F200W BB
SAB-TC264D_PD-144_Z_CU;SAK-TC264D-40F200W Z NON CAN FD;M;SAK-TC264D-40F200W BC
SAB-TC264D_PD-144_Z_CU;SAK-TC264D-40F200W Z NON CAN FD;M;SAK-TC264D-40F200W BC
SAB-TC264DA_ADAS-144_Z_CU;SAK-TC264DA-ADAS_Z CAN FD;M;SAK-TC264DA-40F200N BC
SAB-TC264DA_ADAS-144_Z_CU;SAK-TC264DA-ADAS_Z CAN FD;M;SAK-TC264DA-40F200N BC
SAB-TC264DA_ADAS-144_Z_CU;SAK-TC264DA-ADAS_Z CAN FD;M;SAK-TC264DA-40F200N BC
SAB-TC264DA (ADAS-144)_CU;SAK-TC264DA-40F200W (ADAS-144);M;SAK-TC264DA-40F200W BB
SAB-TC264DA (ADAS-144)_CU;SAK-TC264DA-40F200W (ADAS-144);M;SAK-TC264DA-40F200W BB
SAB-TC264DA (ADAS-144)_CU;SAK-TC264DA-40F200W (ADAS-144);M;SAK-TC264DA-40F200W BB
SAB-TC264DA_ADAS-144_Z_CU;SAK-TC264DA_ADAS_Z NON CAN;M;SAK-TC264DA-40F200W BC
SAB-TC264DA_ADAS-144_Z_CU;SAK-TC264DA_ADAS_Z NON CAN;M;SAK-TC264DA-40F200W BC
SAB-TC264D (PD-144)_CU;SAK-TC264D-40F200W (PD-144);M;SAK-TC264DC-40F200W BB
SAB-TC264D_PD-144_Z_CU;SAK-TC264D-40F200W Z NON CAN FD;M;SAK-TC264DC-40F200W BC
SAB-TC264D_PD-144_Z_CU;SAK-TC264D-40F200W Z NON CAN FD;M;SAK-TC264DC-40F200W BC
SAB-TC264DE (ED-144)_CU;SAK-TC264DE-40F200N_144_Z CAN FD;M;SAK-TC264DE-40F200N BC
SAB-TC264DE (ED-172)_CU;SAK-TC264DE-40F200Q_ED-172_Z NON CAN FD;M;SAK-TC264DE-40F200Q BC
SAB-TC264DE (ED-144)_CU;SAK-TC264DE-40F200W (ED-144);M;SAK-TC264DE-40F200W BB
SAB-TC264D_PD-144_Z_CU;SAK-TC264D-40F200N Z CAN FD;M;SAK-TC264DP-40F200N BC
SAB-TC265D_PD-176_Z_CU;SAK-TC265D-40F200N Z CAN FD;M;SAK-TC265D-40F200N BC
SAB-TC265D (PD-176)_CU;SAK-TC265D-40F200W (PD-176);M;SAK-TC265D-40F200W BB
SAB-TC265D (PD-176)_CU;SAK-TC265D-40F200W (PD-176);M;SAK-TC265D-40F200W BB
SAB-TC265D_PD-176_Z_CU;SAK-TC265D-40F200W Z NON CAN FD;M;SAK-TC265D-40F200W BC
SAB-TC265D (PD-176)_CU;SAK-TC265D-40F200W (PD-176);M;SAK-TC265DC-40F200W BB
SAB-TC265D_PD-176_Z_CU;SAK-TC265D-40F200W Z NON CAN FD;M;SAK-TC265DC-40F200W BC
SAB-TC265DE (ED-176)_CU;SAK-TC265DE-40F200N Z CAN FD;M;SAK-TC265DE-40F200N BC
SAB-TC265DE (ED-216)_CU;SAK-TC265DE-40F200Q_ED-216_Z NON CAN FD;M;SAK-TC265DE-40F200Q BC
SAB-TC265DE (ED-176)_CU;SAK-TC265DE-40F200W (ED-176);M;SAK-TC265DE-40F200W BB
SAB-TC267D_PD-292_Z_CU;SAK-TC267D-40F200N Z CAN FD;M;SAK-TC267D-40F200N BC
SAB-TC267D (PD-292)_CU;SAB-TC267D-40F200S;M;SAK-TC267D-40F200S BB
SAB-TC267D_PD-292_Z_CU;SAK-TC267D-40F200S Z NON CAN FD;M;SAK-TC267D-40F200S BC
SAB-TC275T_PD-176_Z_CU;SAK-TC275T-64F200N Z CAN FD;M;SAK-TC275T-64F200N DC
SAB-TC275T_PD-176_C_CU;SAB-TC275T-64F200W C_PD-176;M;SAK-TC275T-64F200W CA
SAB-TC275T_PD-176_D_CU;SAB-TC275T-64F200W D_PD-176;M;SAK-TC275T-64F200W DB
SAB-TC275T_PD-176_Z_CU;SAK-TC275T-64F200W Z NON CAN FD;M;SAK-TC275T-64F200W DC
SAB-TC275T_PD-176_Z_CU;SAK-TC275T-64F200N Z CAN FD;M;SAK-TC275TC-64F200N DC
SAB-TC275T_PD-176_C_CU;SAB-TC275T-64F200W C_PD-176;M;SAK-TC275TC-64F200W CA
SAB-TC275T_PD-176_D_CU;SAB-TC275T-64F200W D_PD-176;M;SAK-TC275TC-64F200W DB
SAB-TC275T_PD-176_Z_CU;SAK-TC275T-64F200W Z NON CAN FD;M;SAK-TC275TC-64F200W DC
SAB-TC275TF_ED-176_CU;SAK-TC275TF-64F200N_ED-176_Z CAN FD;M;SAK-TC275TF-64F200N DC
SAB-TC275TF_ED-216_CU;SAK-TC275TF-64F200X_ED-216;M;SAK-TC275TF-64F200Q CA
SAB-TC275TF_ED-216_CU;SAK-TC275TF-64F200X_ED-216;M;SAK-TC275TF-64F200Q DB
SAB-TC275TF_ED-216_CU;SAK-TC275TF-64F200Q_ED-216_Z NON CAN FD;M;SAK-TC275TF-64F200Q DC
SAB-TC275TF_ED-176_CU;SAK-TC275TF-64F200X_ED-176;M;SAK-TC275TF-64F200W CA
SAB-TC275TF_ED-176_CU;SAK-TC275TF-64F200X_ED-176;M;SAK-TC275TF-64F200W DB
SAB-TC275T_PD-176_Z_CU;SAK-TC275T-64F200N Z CAN FD;M;SAK-TC275TP-64F200N DC
SAB-TC275T_PD-176_Z_CU;SAK-TC275T-64F200N Z CAN FD;M;SAK-TC275TP-64F200N DC
SAB-TC275T_PD-176_C_CU;SAB-TC275T-64F200W C_PD-176;M;SAK-TC275TP-64F200W CA
SAB-TC275T_PD-176_C_CU;SAB-TC275T-64F200W C_PD-176;M;SAK-TC275TP-64F200W CA
SAB-TC275T_PD-176_D_CU;SAB-TC275T-64F200W D_PD-176;M;SAK-TC275TP-64F200W DB
SAB-TC275T_PD-176_Z_CU;SAK-TC275T-64F200W Z NON CAN FD;M;SAK-TC275TP-64F200W DC
SAB-TC277T_PD-292_C_CU;SAB-TC277T-64F200S C_PD-292;M;SAK-TC277-DCS-S
SAB-TC277T_PD-292_Z_CU;SAK-TC277T-64F200N Z CAN FD;M;SAK-TC277T-64F200N DC
SAB-TC277T_PD-292_Z_CU;SAK-TC277T-64F200N Z CAN FD;M;SAK-TC277T-64F200N DC
SAB-TC277T_PD-292_C_CU;SAB-TC277T-64F200S C_PD-292;M;SAK-TC277T-64F200S CA
SAB-TC277T_PD-292_C_CU;SAB-TC277T-64F200S C_PD-292;M;SAK-TC277T-64F200S CA
SAB-TC277T_PD-292_D_CU;SAB-TC277T-64F200S D_PD-292;M;SAK-TC277T-64F200S DB
SAB-TC277T_PD-292_D_CU;SAB-TC277T-64F200S D_PD-292;M;SAK-TC277T-64F200S DB
SAB-TC277T_PD-292_Z_CU;SAK-TC277T-64F200S Z NON CAN FD;M;SAK-TC277T-64F200S DC
SAB-TC277T_PD-292_Z_CU;SAK-TC277T-64F200S Z NON CAN FD;M;SAK-TC277T-64F200S DC
SAB-TC277T_PD-292_Z_CU;SAK-TC277T-64F200N Z CAN FD;M;SAK-TC277TC-64F200N DC
SAB-TC277T_PD-292_Z_CU;SAK-TC277T-64F200N Z CAN FD;M;SAK-TC277TC-64F200N DC
SAB-TC277T_PD-292_Z_CU;SAK-TC277T-64F200N Z CAN FD;M;SAK-TC277TC-64F200N DC
SAB-TC277T_PD-292_C_CU;SAB-TC277T-64F200S C_PD-292;M;SAK-TC277TC-64F200S CA
SAB-TC277T_PD-292_C_CU;SAB-TC277T-64F200S C_PD-292;M;SAK-TC277TC-64F200S CA
SAB-TC277T_PD-292_D_CU;SAB-TC277T-64F200S D_PD-292;M;SAK-TC277TC-64F200S DB
SAB-TC277T_PD-292_Z_CU;SAK-TC277T-64F200S Z NON CAN FD;M;SAK-TC277TC-64F200S DC
SAB-TC277T_PD-292_Z_CU;SAK-TC277T-64F200S Z NON CAN FD;M;SAK-TC277TC-64F200S DC
SAB-TC277T_PD-292_Z_CU;SAK-TC277T-64F200S Z NON CAN FD;M;SAK-TC277TC-64F200S DC
SAB-TC277TF_ED-292_CU;SAK-TC277TF-64F200N Z CAN FD;M;SAK-TC277TF-64F200N DC
SAB-TC277TF_ED-292_CU;SAK-TC277TF-64F200S_ED-292;M;SAK-TC277TF-64F200S BC
SAB-TC277TF_ED-292_CU;SAK-TC277TF-64F200S_ED-292;M;SAK-TC277TF-64F200S CA
SAB-TC277TF_ED-292_CU;SAK-TC277TF-64F200S_ED-292;M;SAK-TC277TF-64F200S DB
SAB-TC277T_PD-292_Z_CU;SAK-TC277T-64F200N Z CAN FD;M;SAK-TC277TP-64F200N DC
SAB-TC277T_PD-292_Z_CU;SAK-TC277T-64F200N Z CAN FD;M;SAK-TC277TP-64F200N DC
SAB-TC277T_PD-292_Z_CU;SAK-TC277T-64F200N Z CAN FD;M;SAK-TC277TP-64F200N DC
SAB-TC277T_PD-292_Z_CU;SAK-TC277T-64F200N Z CAN FD;M;SAK-TC277TP-64F200N DC
SAB-TC277T_PD-292_Z_CU;SAK-TC277T-64F200N Z CAN FD;M;SAK-TC277TP-64F200N DC
SAB-TC277T_PD-292_B_CU;SAB-TC277T-64F200S BC (PD-292);M;SAK-TC277TP-64F200S BC
SAB-TC277T_PD-292_C_CU;SAB-TC277T-64F200S C_PD-292;M;SAK-TC277TP-64F200S CA
SAB-TC277T_PD-292_C_CU;SAB-TC277T-64F200S C_PD-292;M;SAK-TC277TP-64F200S CA
SAB-TC277T_PD-292_D_CU;SAB-TC277T-64F200S D_PD-292;M;SAK-TC277TP-64F200S DB
SAB-TC277T_PD-292_D_CU;SAB-TC277T-64F200S D_PD-292;M;SAK-TC277TP-64F200S DB
SAB-TC277T_PD-292_Z_CU;SAK-TC277T-64F200S Z NON CAN FD;M;SAK-TC277TP-64F200S DC
SAB-TC277T_PD-292_Z_CU;SAK-TC277T-64F200S Z NON CAN FD;M;SAK-TC277TP-64F200S DC
SAB-TC277T_PD-292_Z_CU;SAK-TC277T-64F200S Z NON CAN FD;M;SAK-TC277TP-64F200S DC
SAB-TC297TP PD-292_CU;SAK-TC297TP-128F300S;M;SAK-TC297T-128F300S BB
SAB-TC297TP PD-292_CU;SAK-TC297TP-128F300S;M;SAK-TC297T-128F300S BB
SAB-TC297TP_PD-292_Z_CU;SAK-TC297TP-XXF300S Z NON CAN FD;M;SAK-TC297T-128F300S BC
SAB-TC297TP_PD-292_Z_CU;SAK-TC297TP-XXF300N Z CAN FD;M;SAK-TC297T-96F300N BC
SAB-TC297TP_PD-292_Z_CU;SAK-TC297TP-XXF300N Z CAN FD;M;SAK-TC297T-96F300N BC
SAB-TC297TP PD-292_CU;SAK-TC297TP-96F300S;M;SAK-TC297T-96F300S BB
SAB-TC297TP PD-292_CU;SAK-TC297TP-96F300S;M;SAK-TC297T-96F300S BB
SAB-TC297TA_ADAS-292_Z_CU;SAK-TC297TA_ADAS Z CAN FD;M;SAK-TC297TA-128F300N BC
SAB-TC297TA_ADAS-292_Z_CU;SAK-TC297TA_ADAS Z CAN FD;M;SAK-TC297TA-128F300N BC
SAB-TC297TA_ADAS-292_Z_CU;SAK-TC297TA_ADAS Z CAN FD;M;SAK-TC297TA-128F300N BC
SAB-TC297TA (ADAS-292)_CU;SAK-TC297TA ADAS-292;M;SAK-TC297TA-128F300S BB
SAB-TC297TA (ADAS-292)_CU;SAK-TC297TA ADAS-292;M;SAK-TC297TA-128F300S BB
SAB-TC297TA_ADAS-292_Z_CU;SAK-TC297TA_ADAS Z NON CAN FD;M;SAK-TC297TA-128F300S BC
SAB-TC297TA_ADAS-292_Z_CU;SAK-TC297TA_ADAS Z NON CAN FD;M;SAK-TC297TA-128F300S BC
SAB-TC297TA (ADAS-292)_CU;SAK-TC297TA ADAS-292;M;SAK-TC297TA-64F300S BB
SAB-TC297TA (ADAS-292)_CU;SAK-TC297TA ADAS-292;M;SAK-TC297TA-64F300S BB
SAB-TC297TA_ADAS-292_Z_CU;SAK-TC297TA_ADAS Z NON CAN FD;M;SAK-TC297TA-64F300S BC
SAB-TC297TA_ADAS-292_Z_CU;SAK-TC297TA_ADAS Z NON CAN FD;M;SAK-TC297TA-64F300S BC
SAB-TC297TA_ADAS-292_Z_CU;SAK-TC297TA_ADAS Z NON CAN FD;M;SAK-TC297TA-96F300S BC
SAB-TC297TA_ADAS-292_Z_CU;SAK-TC297TA_ADAS Z NON CAN FD;M;SAK-TC297TB-128F300S BC
SAB-TC297TA_ADAS-292_Z_CU;SAK-TC297TA_ADAS Z NON CAN FD;M;SAK-TC297TB-64F300S BC
SAB-TC297TP PD-292_CU;SAK-TC297TP-96F300S;M;SAK-TC297TC-96F300S BB
SAB-TC297TP PD-292_CU;SAK-TC297TP-96F300S;M;SAK-TC297TC-96F300S BB
SAB-TC297TP_PD-292_Z_CU;SAK-TC297TP-XXF300S Z NON CAN FD;M;SAK-TC297TC-96F300S BC
SAB-TC297TP_PD-292_Z_CU;SAK-TC297TP-XXF300S Z NON CAN FD;M;SAK-TC297TC-96F300S BC
SAB-TC297TE (ED-292)_CU;SAK-TC297TF-128F300N Z CAN FD;M;SAK-TC297TF-128F300N BC
SAB-TC297TE (ED-292)_CU;SAK-TC297TE-128F300S;M;SAK-TC297TF-128F300S BB
SAB-TC297TP_PD-292_Z_CU;SAK-TC297TP-XXF300N Z CAN FD;M;SAK-TC297TP-128F300N BC
SAB-TC297TP_PD-292_Z_CU;SAK-TC297TP-XXF300N Z CAN FD;M;SAK-TC297TP-128F300N BC
SAB-TC297TP PD-292_CU;SAK-TC297TP-128F300S;M;SAK-TC297TP-128F300S BB
SAB-TC297TP PD-292_CU;SAK-TC297TP-128F300S;M;SAK-TC297TP-128F300S BB
SAB-TC297TP_PD-292_Z_CU;SAK-TC297TP-XXF300S Z NON CAN FD;M;SAK-TC297TP-128F300S BC
SAB-TC297TP_PD-292_Z_CU;SAK-TC297TP-XXF300S Z NON CAN FD;M;SAK-TC297TP-128F300S BC
SAB-TC297TP_PD-292_Z_CU;SAK-TC297TP-XXF300N Z CAN FD;M;SAK-TC297TP-96F300N BC
SAB-TC297TP_PD-292_Z_CU;SAK-TC297TP-XXF300N Z CAN FD;M;SAK-TC297TP-96F300N BC
SAB-TC297TP PD-292_CU;SAK-TC297TP-96F300S;M;SAK-TC297TP-96F300S BB
SAB-TC297TP PD-292_CU;SAK-TC297TP-96F300S;M;SAK-TC297TP-96F300S BB
SAB-TC297TP_PD-292_Z_CU;SAK-TC297TP-XXF300S Z NON CAN FD;M;SAK-TC297TP-96F300S BC
SAB-TC297TX_TRUCK-292_Z_CU;SAK-TC297TT-128F300N Z CAN FD;M;SAK-TC297TT-128F300N BC
SAB-TC297TX_TRUCK-292_Z_CU;SAK-TC297TT-128F300N Z CAN FD;M;SAK-TC297TT-128F300N BC
SAB-TC297TX_TRUCK-292_Z_CU;SAK-TC297TT-128F300S NON CAN FD;M;SAK-TC297TT-128F300S BC
SAB-TC297TX_TRUCK-292_Z_CU;SAK-TC297TX-128F300N TRUCK Z CAN FD;M;SAK-TC297TX-128F300N BC
SAB-TC297TX_TRUCK-292_Z_CU;SAK-TC297TX-128F300N TRUCK Z CAN FD;M;SAK-TC297TX-128F300N BC
SAB-TC297TX TRUCK-292_CU;SAK-TC297TX-128F300S TRUCK;M;SAK-TC297TX-128F300S BB
SAB-TC297TX TRUCK-292_CU;SAK-TC297TX-128F300S TRUCK;M;SAK-TC297TX-128F300S BB
SAB-TC297TX_TRUCK-292_Z_CU;SAK-TC297TX-128F300S TRUCK NON CAN FD;M;SAK-TC297TX-128F300S BC
SAB-TC297TX_TRUCK-292_Z_CU;SAK-TC297TX-128F300S TRUCK NON CAN FD;M;SAK-TC297TX-128F300S BC
SAB-TC297TX TRUCK-292_CU;SAK-TC297TX-128F300S TRUCK;M;SAK-TC297TY-128F300S BB
SAB-TC297TX TRUCK-292_CU;SAK-TC297TX-128F300S TRUCK;M;SAK-TC297TY-128F300S BB
SAB-TC297TX_TRUCK-292_Z_CU;SAK-TC297TX-128F300S TRUCK NON CAN FD;M;SAK-TC297TY-128F300S BC
SAB-TC298TE (ED-416)_CU;SAK-TC298TE-128F300L;M;SAK-TC298TF-128F300L BB
SAB-TC298TE (ED-416)_CU;SAK-TC298TF-128F300N Z CAN FD;M;SAK-TC298TF-128F300N BC
SAB-TC299T (PD-516)_CU;SAB-TC299T-128F300S;M;SAK-TC299-DCS-S
SAB-TC299T_PD-516_Z_CU;SAK-TC299T-XXF300S Z NON CAN FD;M;SAK-TC299T-128F300S BC
SAB-TC299T_PD-516_Z_CU;SAK-TC299T-XXF300S Z NON CAN FD;M;SAK-TC299T-128F300S BC
SAB-TC299T (PD-516)_CU;SAB-TC299TC-96F300S;M;SAK-TC299TC-96F300S BB
SAB-TC299T_PD-516_Z_CU;SAK-TC299T-XXF300S Z NON CAN FD;M;SAK-TC299TC-96F300S BC
SAB-TC299TX_TRUCK-516_Z_CU;SAK-TC299TX-128F300N Z CAN FD;M;SAK-TC299TF-128F300N BC
SAB-TC299TE (ED-516)_CU;SAK-TC299TF-128F300S;M;SAK-TC299TF-128F300S BB
SAB-TC299T_PD-516_Z_CU;SAK-TC299T-128F300N Z CAN FD;M;SAK-TC299TP-128F300N BC
SAB-TC299T_PD-516_Z_CU;SAK-TC299T-128F300N Z CAN FD;M;SAK-TC299TP-128F300N BC
SAB-TC299T (PD-516)_CU;SAB-TC299T-128F300S;M;SAK-TC299TP-128F300S BB
SAB-TC299T (PD-516)_CU;SAB-TC299T-128F300S;M;SAK-TC299TP-128F300S BB
SAB-TC299T_PD-516_Z_CU;SAK-TC299T-XXF300S Z NON CAN FD;M;SAK-TC299TP-128F300S BC
SAB-TC299T_PD-516_Z_CU;SAK-TC299T-XXF300S Z NON CAN FD;M;SAK-TC299TP-128F300S BC
SAB-TC299TX_TRUCK-516_Z_CU;SAK-TC299TX-128F300N Z CAN FD;M;SAK-TC299TX-128F300N BC
SAB-TC299TE (ED-516)_CU;SAK-TC299TX-128F300S;M;SAK-TC299TX-128F300S BB
SAB-TC299TX_TRUCK-516_Z_CU;SAK-TC299TX-128F300S Z NON CAN FD;M;SAK-TC299TX-128F300S BC
SAB-TC299TX_TRUCK-516_Z_CU;SAK-TC299TX-128F300S Z NON CAN FD;M;SAK-TC299TY-128F300S BC
SAB-TC322LP_PD-80_CU;SAK-TC322LP-16F160F;X;SAK-TC322LP-16F160F AA
SAB-TC322LP_PD-80_CU;SAK-TC322LP-16F160F;X;SAK-TC322LS-24F160F AA
SAB-TC323LP_PD-100_CU;SAK-TC323LP-16F160F;X;SAK-TC323L-24F200F AA
SAB-TC323LP_PD-100_CU;SAK-TC323LP-16F160F;X;SAK-TC323LP-16F160F AA
SAB-TC323LP_PD-100_CU;SAK-TC323LP-16F160F;X;SAK-TC323LP-24F200F AA
SAB-TC323LP_PD-100_CU;SAK-TC323LP-16F160F;X;SAK-TC323LS-24F160F AA
SAB-TC324LP_PD-144_CU;SAK-TC324LP-16F160F;X;SAK-TC324L-24F200F AA
SAB-TC324LP_PD-144_CU;SAK-TC324LP-16F160F;X;SAK-TC324LP-16F160F AA
SAB-TC324LP_PD-144_CU;SAK-TC324LP-16F160F;X;SAK-TC324LP-24F200F AA
SAB-TC327LP_PD-292_CU;SAK-TC327LP-16F160S;X;SAK-TC327LP-16F160S AA
SAB-TC332LP_PD-80_CU;SAK-TC332LP-32F200F;X;SAK-TC332LP-32F200F AA
SAB-TC332LP_PD-80_CU;SAK-TC332LP-32F200F;X;SAK-TC332LP-32F300F AA
SAB-TC332LP_PD-80_CU;SAK-TC332LP-32F200F;X;SAK-TC332LS-32F200F AA
SAB-TC333LP_PD-100_CU;SAK-TC333LP-32F200F;X;SAK-TC333L-32F200F AA
SAB-TC333LP_PD-100_CU;SAK-TC333LP-32F200F;X;SAK-TC333LP-32F200F AA
SAB-TC333LP_PD-100_CU;SAK-TC333LP-32F200F;X;SAK-TC333LP-32F300F AA
SAB-TC334LP_PD-144_CU;SAK-TC334LP-32F200F;X;SAK-TC334L-32F200F AA
SAB-TC334LP_PD-144_CU;SAK-TC334LP-32F200F;X;SAK-TC334LP-32F200F AA
SAB-TC334LP_PD-144_CU;SAK-TC334LP-32F200F;X;SAK-TC334LP-32F300F AA
SAB-TC336DA_ED-180_CU;SAK-TC336DA-32F200S;X;SAK-TC336DA-16F200S AA
SAB-TC336DA_ED-180_CU;SAK-TC336DA-32F200S;X;SAK-TC336DA-32F200S AA
SAB-TC336DA_ED-180_CU;SAK-TC336DA-32F200S;X;SAK-TC336DA-32F300S AA
SAB-TC336LP_PD-180_CU;SAK-TC336LP-32F200S;X;SAK-TC336LP-32F200S AA
SAB-TC336LP_PD-180_CU;SAK-TC336LP-32F200S;X;SAK-TC336LP-32F300S AA
SAB-TC337DA_ED-292_CU;SAK-TC337DA-32F200S;X;SAK-TC337DA-32F200S AA
SAB-TC337DA_ED-292_CU;SAK-TC337DA-32F300S;X;SAK-TC337DA-32F300S AA
SAB-TC337DA_ED-292_CU;SAK-TC337DA-32F200S;X;SAK-TC337DH-32F200S AA
SAB-TC337DA_ED-292_CU;SAK-TC337DA-32F200S;X;SAK-TC337DT-32F300S AA
SAB-TC337DA_ED-292_CU;SAK-TC337DA-32F200S;X;SAK-TC337DZ-32F200S AA
SAB-TC337DA_ED-292_CU;SAK-TC337DA-32F200S;X;SAK-TC337DZ-32F300S AA
SAB-TC337LP_PD-292_CU;SAK-TC337LP-32F200S;X;SAK-TC337LP-32F200S AA
SAB-TC337LP_PD-292_CU;SAK-TC337LP-32F200S;X;SAK-TC337LP-32F300S AA
SAB-TC356TA_ADAS-180_CU;SAK-TC356TA-64F300S;X;SAK-TC356TA-64F300S AA
SAB-TC356TA_ADAS-180_CU;SAK-TC356TA-64F300S;X;SAK-TC356TA-64F300S AB
SAB-TC356TA_ADAS-180_CU;SAK-TC356TA-64F300S;X;SAK-TC356TA-64F300S AB
SAB-TC356TA_ADAS-180_CU;SAK-TC356TA-64F300S;X;SAK-TC356TD-48F300S AB
SAB-TC356TA_ADAS-180_CU;SAK-TC356TA-64F300S;X;SAK-TC356TD-48F300S AB
SAB-TC356TA_ADAS-180_CU;SAK-TC356TA-64F300S;X;SAK-TC356TH-64F300S AB
SAB-TC356TA_ADAS-180_CU;SAK-TC356TA-64F300S;X;SAK-TC356TH-64F300S AB
SAB-TC357TA_ADAS-292_CU;SAK-TC357TA-64F300S;X;SAK-TC357TA-64F300S AA
SAB-TC357TA_ADAS-292_CU;SAK-TC357TA-64F300S;X;SAK-TC357TA-64F300S AB
SAB-TC357TA_ADAS-292_CU;SAK-TC357TA-64F300S;X;SAK-TC357TA-64F300S AB
SAB-TC357TA_ADAS-292_CU;SAK-TC357TA-64F300S;X;SAK-TC357TC-64F300S AB
SAB-TC357TA_ADAS-292_CU;SAK-TC357TA-64F300S;X;SAK-TC357TC-64F300S AB
SAB-TC357TA_ADAS-292_CU;SAK-TC357TA-64F300S;X;SAK-TC357TH-64F300S AB
SAB-TC357TA_ADAS-292_CU;SAK-TC357TA-64F300S;X;SAK-TC357TH-64F300S AB
SAB-TC357TA_ADAS-292_CU;SAK-TC357TA-64F300S;X;SAK-TC357TT-64F300S AA
SAB-TC357TA_ADAS-292_CU;SAK-TC357TA-64F300S;X;SAK-TC357TT-64F300S AB
SAB-TC357TA_ADAS-292_CU;SAK-TC357TA-64F300S;X;SAK-TC357TT-64F300S AB
SAB-TC364DP_PD-144_0.4_CU;SAK-TC364DP-64F300F;X;SAK-TC364DP-48F200F AA
SAB-TC364DP_PD-144_0.4_CU;SAK-TC364DP-64F300F;X;SAK-TC364DP-48F300F AA
SAB-TC364DP_PD-144_0.4_CU;SAK-TC364DP-64F300F;X;SAK-TC364DP-64F200F AA
SAB-TC364DP_PD-144_0.5_CU;SAK-TC364DP-64F300W;X;SAK-TC364DP-64F200W AA
SAB-TC364DP_PD-144_0.4_CU;SAK-TC364DP-64F300F;X;SAK-TC364DP-64F300F AA
SAB-TC364DP_PD-144_0.4_CU;SAK-TC364DP-64F300F;X;SAK-TC364DP-64F300F AA
SAB-TC364DP_PD-144_0.5_CU;SAK-TC364DP-64F300W;X;SAK-TC364DP-64F300W AA
SAB-TC365DP_PD-176_CU;SAK-TC365DP-64F300W;X;SAK-TC365DP-64F200W AA
SAB-TC365DP_PD-176_CU;SAK-TC365DP-64F300W;X;SAK-TC365DP-64F300W AA
SAB-TC366DP_PD-180_CU;SAK-TC366DP-64F300S;X;SAK-TC366DP-64F200S AA
SAB-TC366DP_PD-180_CU;SAK-TC366DP-64F300S;X;SAK-TC366DP-64F300S AA
SAB-TC367DP_PD-292_CU;SAK-TC367DP-64F300S;X;SAK-TC367DE
SAB-TC367DP_PD-292_CU;SAK-TC367DP-64F300S;X;SAK-TC367DP-48F200S AA
SAB-TC367DP_PD-292_CU;SAK-TC367DP-64F300S;X;SAK-TC367DP-48F300S AA
SAB-TC367DP_PD-292_CU;SAK-TC367DP-64F300S;X;SAK-TC367DP-64F200S AA
SAB-TC367DP_PD-292_CU;SAK-TC367DP-64F300S;X;SAK-TC367DP-64F300S AA
SAB-TC367DP_PD-292_CU;SAK-TC367V0-64F300S;X;SAK-TC367V0-64F300S AA
SAB-TC367DP_PD-292_CU;SAK-TC367VB-32F200S;X;SAK-TC367VB-32F200S AA
SAB-TC374TE_ED-144_CU;SAK-TC374TE-96F300W_NO-PLAN;X;SAK-TC374TE-96F300W AA
SAB-TC374TE_ED-144_CU;SAK-TC374TE-96F300W_NO-PLAN;X;SAK-TC374TE-96F300W AB
SAB-TC375TP_PD-176_CU;SAK-TC375DP-96F300W;X;SAK-TC375DP-96F300S AA
SAB-TC375TP_PD-176_CU;SAK-TC375DP-96F300W;X;SAK-TC375DP-96F300W AA
SAB-TC375TP_PD-176_CU;SAK-TC375TP-96F300W;X;SAK-TC375T-96F300W AA
SAB-TC375TX_ED-176_CU;SAB-TC375TE-96F300W_NO-PLAN;X;SAK-TC375TE
SAB-TC375TX_ED-176_CU;SAB-TC375TE-96F300W_NO-PLAN;X;SAK-TC375TE-96F300W AA
SAB-TC375TX_ED-176_CU;SAB-TC375TE-96F300W_NO-PLAN;X;SAK-TC375TE-96F300W AB
SAB-TC375TP_PD-176_CU;SAK-TC375TP-96F300W;X;SAK-TC375TI-96F300W AA
SAB-TC375TP_PD-176_CU;SAK-TC375TP-96F300W;X;SAK-TC375TP-96F300W AA
SAB-TC377TP_PD-292_CU;SAK-TC377DP-96F300S;X;SAK-TC377DP-96F300S AA
SAB-TC377TP_PD-292_CU;SAK-TC377TP-96F300S;X;SAK-TC377T-96F300S AA
SAB-TC377TX_ED-292_CU;SAK-TC377TX-96F300S;X;SAK-TC377TE
SAB-TC377TX_ED-292_CU;SAK-TC377TX-96F300S;X;SAK-TC377TE-96F300S AA
SAB-TC377TX_ED-292_CU;SAK-TC377TX-96F300S;X;SAK-TC377TE-96F300S AB
SAB-TC377TP_PD-292_CU;SAK-TC377TP-96F300S;X;SAK-TC377TP-96F300S AA
SAB-TC377TX_ED-292_CU;SAK-TC377TX-96F300S;X;SAK-TC377TX-64F300S AB
SAB-TC377TX_ED-292_CU;SAK-TC377TX-96F300S;X;SAK-TC377TX-96F300S AA
SAB-TC377TX_ED-292_CU;SAK-TC377TX-96F300S;X;SAK-TC377TX-96F300S AB
SAB-TC377TP_PD-292_CU;SAK-TC377VS-96F300S;X;SAK-TC377VS-96F300S AA
SAB-TC387QP_PD-292_CU;SAK-TC387QP-160F300S;X;SAK-TC387QE
SAB-TC387QP_PD-292_CU;SAK-TC387QP-160F300S_AE;X;SAK-TC387QN-160F300S AE
SAB-TC387QP_PD-292_CU;SAK-TC387QP-160F300S_AE;X;SAK-TC387QN-160F300S AE
SAB-TC387QP_PD-292_CU;SAK-TC387QP-160F300S;X;SAK-TC387QP-160F300S AB
SAB-TC387QP_PD-292_CU;SAK-TC387QP-160F300S;X;SAK-TC387QP-160F300S AD
SAB-TC387QP_PD-292_CU;SAK-TC387QP-160F300S_AE;X;SAK-TC387QP-160F300S AE
SAB-TC387QP_PD-292_CU;SAK-TC387QP-160F300S_AE;X;SAK-TC387QP-160F300S AE
SAB-TC387QP_PD-292_CU;SAK-TC387QP-160F300S;X;SAK-TC387QP-DC
SAB-TC387QP_PD-292_CU;SAK-TC387TP-XXXF300S;X;SAK-TC387TP-128F300S AD
SAB-TC387QP_PD-292_CU;SAK-TC387TP-XXXF300S_AE;X;SAK-TC387TP-128F300S AE
SAB-TC387QP_PD-292_CU;SAK-TC387TP-XXXF300S_AE;X;SAK-TC387TP-128F300S AE
SAB-TC387QP_PD-292_CU;SAK-TC387TP-XXXF300S_AE;X;SAK-TC387TP-128F300S AE
SAB-TC387QP_PD-292_CU;SAK-TC387TP-XXXF300S_AE;X;SAK-TC387TP-128F300S AE
SAB-TC387QP_PD-292_CU;SAK-TC387TP-XXXF300S;X;SAK-TC387TP-160F300S AD
SAB-TC387QP_PD-292_CU;SAK-TC387TP-XXXF300S_AE;X;SAK-TC387TP-160F300S AE
SAB-TC387QP_PD-292_CU;SAK-TC387TP-XXXF300S_AE;X;SAK-TC387TP-160F300S AE
SAB-TC389QP_PD-516_CU;SAK-TC389QP-160F300S;X;SAK-TC389QE
SAB-TC389QP_PD-516_CU;SAK-TC389QP-160F300S_AE;X;SAK-TC389QN-160F300S AE
SAB-TC389QP_PD-516_CU;SAK-TC389QP-160F300S_AE;X;SAK-TC389QN-160F300S AE
SAB-TC389QP_PD-516_CU;SAK-TC389QP-160F300S;X;SAK-TC389QP-160F300S AC
SAB-TC389QP_PD-516_CU;SAK-TC389QP-160F300S;X;SAK-TC389QP-160F300S AD
SAB-TC389QP_PD-516_CU;SAK-TC389QP-160F300S_AE;X;SAK-TC389QP-160F300S AE
SAB-TC389QP_PD-516_CU;SAK-TC389QP-160F300S_AE;X;SAK-TC389QP-160F300S AE
SAB-TC389QP_PD-516_CU;SAK-TC389QP-160F300S;X;SAK-TC389QP-DC
SAB-TC397X_PDED-292_CU;SAK-TC397QA-160F300S;X;SAK-TC397QA-160F300S BC
SAB-TC397X_PDED-292_CU;SAK-TC397QA-160F300S_BD;X;SAK-TC397QA-160F300S BD
SAB-TC397X_PDED-292_CU;SAK-TC397QA-160F300S_BD;X;SAK-TC397QA-160F300S BD
SAB-TC397X_PDED-292_CU;SAK-TC397QP-256F300S;X;SAK-TC397QP-192F300S BC
SAB-TC397X_PDED-292_CU;SAK-TC397QP-256F300S_BD;X;SAK-TC397QP-192F300S BD
SAB-TC397X_PDED-292_CU;SAK-TC397QP-256F300S_BD;X;SAK-TC397QP-192F300S BD
SAB-TC397X_PDED-292_CU;SAK-TC397QP-256F300S;X;SAK-TC397QP-256F300S BC
SAB-TC397X_PDED-292_CU;SAK-TC397QP-256F300S_BD;X;SAK-TC397QP-256F300S BD
SAB-TC397X_PDED-292_CU;SAK-TC397QP-256F300S_BD;X;SAK-TC397QP-256F300S BD
SAB-TC397X_PDED-292_CU;SAK-TC397TT-256F300S;X;SAK-TC397TT-256F300S BC
SAB-TC397X_PDED-292_CU;SAK-TC397XA-256F300S;X;SAK-TC397XA-256F300S BA
SAB-TC397X_PDED-292_CU;SAK-TC397XA-256F300S;X;SAK-TC397XA-256F300S BB
SAB-TC397X_PDED-292_CU;SAK-TC397XA-256F300S;X;SAK-TC397XA-256F300S BC
SAB-TC397X_PDED-292_CU;SAK-TC397XA-256F300S_BD;X;SAK-TC397XA-256F300S BD
SAB-TC397X_PDED-292_CU;SAK-TC397XA-256F300S_BD;X;SAK-TC397XA-256F300S BD
SAB-TC397X_PDED-292_CU;SAK-TC397XA-256F300S;X;SAK-TC397XA-AGBT_AA
SAB-TC397X_PDED-292_CU;SAK-TC397XA-256F300S;X;SAK-TC397XA-DCS-S
SAB-TC397X_PDED-292_CU;SAK-TC397XP-256F300S;X;SAK-TC397XE
SAB-TC397X_PDED-292_CU;SAK-TC397XP-256F300S;X;SAK-TC397XE-256F300S AA
SAB-TC397X_PDED-292_CU;SAK-TC397XP-256F300S;X;SAK-TC397XE-256F300S BA
SAB-TC397X_PDED-292_CU;SAK-TC397XP-256F300S;X;SAK-TC397XE-256F300S BB
SAB-TC397X_PDED-292_CU;SAK-TC397XP-256F300S;X;SAK-TC397XE-256F300S BC
SAB-TC397X_PDED-292_CU;SAK-TC397XP-256F300S_BD;X;SAK-TC397XE-256F300S BD
SAB-TC397X_PDED-292_CU;SAK-TC397XP-256F300S_BD;X;SAK-TC397XE-256F300S BD
SAB-TC397X_PDED-292_CU;SAK-TC397XP-256F300S;X;SAK-TC397XM-256F300S BC
SAB-TC397X_PDED-292_CU;SAK-TC397XP-256F300S_BD;X;SAK-TC397XM-256F300S BD
SAB-TC397X_PDED-292_CU;SAK-TC397XP-256F300S_BD;X;SAK-TC397XM-256F300S BD
SAB-TC397X_PDED-292_CU;SAK-TC397XP-256F300S;X;SAK-TC397XP-256F300S BC
SAB-TC397X_PDED-292_CU;SAK-TC397XP-256F300S;X;SAK-TC397XP-256F300S BC
SAB-TC397X_PDED-292_CU;SAK-TC397XP-256F300S_BD;X;SAK-TC397XP-256F300S BD
SAB-TC397X_PDED-292_CU;SAK-TC397XP-256F300S_BD;X;SAK-TC397XP-256F300S BD
SAB-TC397X_PDED-292_CU;SAK-TC397XP-256F300S_BD;X;SAK-TC397XP-256F300S BD
SAB-TC397X_PDED-292_CU;SAK-TC397XP-256F300S_BD;X;SAK-TC397XP-256F300S BD
SAB-TC397X_PDED-292_CU;SAK-TC397XT-256F300S;X;SAK-TC397XT-256F300S BB
SAB-TC397X_PDED-292_CU;SAK-TC397XT-256F300S;X;SAK-TC397XT-256F300S BC
SAB-TC397X_PDED-292_CU;SAK-TC397XT-256F300S;X;SAK-TC397XT-256F300S BD
SAB-TC397X_PDED-292_CU;SAK-TC397XT-256F300S;X;SAK-TC397XT-256F300S BD
SAB-TC397X_PDED-292_CU;SAK-TC397XX-256F300S;X;SAK-TC397XX-256F300S BB
SAB-TC397X_PDED-292_CU;SAK-TC397XX-256F300S;X;SAK-TC397XX-256F300S BC
SAB-TC397X_PDED-292_CU;SAK-TC397XX-256F300S_BD;X;SAK-TC397XX-256F300S BD
SAB-TC397X_PDED-292_CU;SAK-TC397XX-256F300S_BD;X;SAK-TC397XX-256F300S BD
SAB-TC397X_PDED-292_CU;SAK-TC397XZ-256F300S;X;SAK-TC397XZ-256F300S BC
SAB-TC397X_PDED-292_CU;SAK-TC397XZ-256F300S_BD;X;SAK-TC397XZ-256F300S BD
SAB-TC397X_PDED-292_CU;SAK-TC397XZ-256F300S_BD;X;SAK-TC397XZ-256F300S BD
SAB-TC399X_PDED-516_CU;SAK-TC399XP-256F300S;X;SAK-TC399XE
SAB-TC399X_PDED-516_CU;SAK-TC399XP-256F300S;X;SAK-TC399XE-256F300S AA
SAB-TC399X_PDED-516_CU;SAK-TC399XP-256F300S;X;SAK-TC399XE-256F300S BB
SAB-TC399X_PDED-516_CU;SAK-TC399XP-256F300S;X;SAK-TC399XE-256F300S BC
SAB-TC399X_PDED-516_CU;SAK-TC399XP-256F300S_BD;X;SAK-TC399XE-256F300S BD
SAB-TC399X_PDED-516_CU;SAK-TC399XP-256F300S_BD;X;SAK-TC399XE-256F300S BD
SAB-TC399X_PDED-516_CU;SAK-TC399XP-256F300S;X;SAK-TC399XP-256F300S BC
SAB-TC399X_PDED-516_CU;SAK-TC399XP-256F300S_BD;X;SAK-TC399XP-256F300S BD
SAB-TC399X_PDED-516_CU;SAK-TC399XP-256F300S_BD;X;SAK-TC399XP-256F300S BD
SAB-TC399X_PDED-516_CU;SAK-TC399XP-256F300S;X;SAK-TC399XP-AGBT_AA
SAB-TC399X_PDED-516_CU;SAK-TC399XP-256F300S;X;SAK-TC399XP-DC
SAB-TC399X_PDED-516_CU;SAK-TC399XX-256F300S;X;SAK-TC399XX-256F300S BB
SAB-TC399X_PDED-516_CU;SAK-TC399XX-256F300S;X;SAK-TC399XX-256F300S BC
SAB-TC399X_PDED-516_CU;SAK-TC399XX-256F300S_BD;X;SAK-TC399XX-256F300S BD
SAB-TC399X_PDED-516_CU;SAK-TC399XX-256F300S_BD;X;SAK-TC399XX-256F300S BD
SAB-TC3E7QX_EVO-292;SAK-TC3E7QF-192F300S;X;SAK-TC3E7QC-192F300S AA
SAB-TC3E7QX_EVO-292;SAK-TC3E7QF-192F300S;X;SAK-TC3E7QF-192F300S AA
SAB-TC3E7QX_EVO-292;SAK-TC3E7QG-160F300S;X;SAK-TC3E7QG-160F300S AA
SAB-TC3E7QX_EVO-292;SAK-TC3E7QX-192F300S;X;SAK-TC3E7QX-192F300S AA
SAB-TC436DP_224_MOD_STD;SAK-TC436DP-04EB400MS;Y;SAK-TC436DP-04EB400MS AA
SAB-TC469QP_436_MOD_STD;SAK-TC469QP-12MF400MS;Y;SAK-TC469QP-12MF400MS AA
SAB-TC497XP_292_CUP_STD;SAK-TC497XP-24HO400CS;Y;SAK-TC497XE-24HO400CS AA
SAB-TC497XP_292_CUP_STD;SAK-TC497XP-24HO400CS;Y;SAK-TC497XE-24HO400CS BA
SAB-TC497XP_292_MOD_STD;SAK-TC497XP-24HF400MS;Y;SAK-TC497XP-24HF400MS BA
SAB-TC497XP_292_CUP_STD;SAK-TC497XP-24HO400CS;Y;SAK-TC497XP-24HO400CS BA
SAB-TC499XP_436_CUP_STD;SAK-TC499XP-24HO400CS;Y;SAK-TC499-DCS-CS
SAB-TC499XP_436_MOD_STD;SAK-TC499XP-24HF400MS;Y;SAK-TC499-DCS-MS
SAB-TC499XP_436_CUP_STD;SAK-TC499XP-24HO400CS;Y;SAK-TC499XE-24HO400CS AA
SAB-TC499XP_436_CUP_STD;SAK-TC499XP-24HO400CS;Y;SAK-TC499XE-24HO400CS BA
SAB-TC499XP_436_MOD_STD;SAK-TC499XP-24HF400MS;Y;SAK-TC499XP-24HF400MS BA
SAB-TC499XP_436_CUP_STD;SAK-TC499XP-24HO400CS;Y;SAK-TC499XP-24HO400CS BA
SAB-TC499XP_436_MOD_STD;SAK-TC499XP-24HF400MS;Y;SAK-TC499XP-24HO400MS AA
SAB-TC1746-FU;SAL-TC1746-160FUP;A;SAL-TC1746F-320F160UP BA
SAB-TC1746-FU;SAL-TC1746-160FU;A;SAL-TC1746N-320F160U BA
SAB-TC1766-FU SURFTA;SAL-TC1766-192F80U BF;A;SAL-TC1766-192F80U BF
SAB-TC222L_PD-80_Z_CU;SAL-TC212L-8F133F Z NON CAN FD;M;SAL-TC212L-8F133F AC
SAB-TC222L_PD-80_Z_CU;SAL-TC222L-XXF133N Z CAN FD;M;SAL-TC212L-8F133N AC
SAB-TC223L_PD-100_Z_CU;SAL-TC223L-XXF133N Z CAN FD;M;SAL-TC213L-8F133N AC
SAB-TC222L_PD-80_Z_CU;SAL-TC222L-XXF133N Z CAN FD;M;SAL-TC222L-16F133N AC
SAB-TC223L (PD-100)_CU;SAL-TC223L-16F133F;M;SAL-TC223L-16F133F AB
SAB-TC223L_PD-100_Z_CU;SAL-TC223L-XXF133N Z CAN FD;M;SAL-TC223L-16F133N AC
SAB-TC223L_PD-100_Z_CU;SAL-TC223S-16F133F Z NON CAN FD;M;SAL-TC223S-16F133F AC
SAB-TC224L_PD-144_Z_CU;SAL-TC224L-16F133F Z NON CAN FD;M;SAL-TC224L-16F133F AC
SAB-TC224L_PD-144_Z_CU;SAL-TC224L-16F133N Z CAN FD;M;SAL-TC224L-16F133N AC
SAB-TC233L (PD-100)_CU;SAL-TC233L-32F200F;M;SAL-TC233L-32F200F AB
SAB-TC233L_PD-100_Z_CU;SAL-TC233L-32F200F Z NON CAN FD;M;SAL-TC233L-32F200F AC
SAB-TC233L_PD-100_Z_CU;SAL-TC233LP-32F200N Z CAN FD;M;SAL-TC233L-32F200N AC
SAB-TC233L (PD-100)_CU;SAL-TC233LP-32F200F;M;SAL-TC233LP-32F200F AB
SAB-TC233L_PD-100_Z_CU;SAL-TC233L-32F200F Z NON CAN FD;M;SAL-TC233LP-32F200F AC
SAB-TC233L_PD-100_Z_CU;SAL-TC233LP-32F200N Z CAN FD;M;SAL-TC233LP-32F200N AC
SAB-TC234L (PD-144)_CU;SAL-TC234L-32F200F;M;SAL-TC234L-32F200F AB
SAB-TC234L (PD-144)_CU;SAL-TC234LP-16F200F;M;SAL-TC234LP-16F200F AB
SAB-TC234L (PD-144)_CU;SAL-TC234LP-32F200F;M;SAL-TC234LP-32F200F AB
SAB-TC234L_PD-144_Z_CU;SAL-TC234LP-32F200N Z CAN FD;M;SAL-TC234LP-32F200N AC
SAB-TC237L (PD-292)_CU;SAL-TC237L-32F200S;M;SAL-TC237L-32F200S AB
SAB-TC237L (PD-292)_CU;SAL-TC237L-32F200S;M;SAL-TC237L-32F200S AB
SAB-TC237L_PD-292_Z_CU;SAL-TC237L-32F200S Z NON CAN FD;M;SAL-TC237L-32F200S AC
SAB-TC237L_PD-292_Z_CU;SAL-TC237LP-32F200N Z CAN FD;M;SAL-TC237LP-32F200N AC
SAB-TC237L (PD-292)_CU;SAL-TC237LP-32F200S;M;SAL-TC237LP-32F200S AB
SAB-TC237L_PD-292_Z_CU;SAL-TC237L-32F200S Z NON CAN FD;M;SAL-TC237LP-32F200S AC
SAB-TC260D_PD-BD_Z;SAL-TC260D-40F200N Z CAN FD;M;SAL-TC260D-40F200N BC
SAB-TC264D_PD-144_Z_CU;SAL-TC264D-40F200N Z CAN FD;M;SAL-TC264D-40F200N BC
SAB-TC264D_PD-144_Z_CU;SAL-TC264D-40F200N Z CAN FD;M;SAL-TC264D-40F200N BC
SAB-TC264D (PD-144)_CU;SAK-TC264D-40F200W (PD-144);M;SAL-TC264D-40F200W BB
SAB-TC265D_PD-176_Z_CU;SAL-TC265D-40F200N Z CAN FD;M;SAL-TC265D-40F200N BC
SAB-TC265D (PD-176)_CU;SAK-TC265D-40F200W (PD-176);M;SAL-TC265D-40F200W BB
SAB-TC267D_PD-292_Z_CU;SAL-TC267D-40F200N Z CAN FD;M;SAL-TC267D-40F200N BC
SAB-TC270T (PD-BD);SAL-TC270T-64F200;M;SAL-TC270TC-64F200 DB
SAB-TC270TF_ED-BD_Z;SAL-TC270TF-64F200N Z CAN FD;M;SAL-TC270TF-64F200N DC
SAB-TC270T (PD-BD);SAL-TC270T-64F200;M;SAL-TC270TP-64F200 DB
SAB-TC270TP_PD-BD_Z;SAL-TC270T-64F200 Z NON CAN FD;M;SAL-TC270TP-64F200 DC
SAB-TC270TP_PD-BD_Z;SAL-TC270T-64F200N Z CAN FD;M;SAL-TC270TP-64F200N DC
SAB-TC275T_PD-176_C_CU;SAB-TC275T-64F200W C_PD-176;M;SAL-TC275T-64F200W CA
SAB-TC275T_PD-176_D_CU;SAB-TC275T-64F200W D_PD-176;M;SAL-TC275T-64F200W DB
SAB-TC275T_PD-176_Z_CU;SAL-TC275T-64F200W Z NON CAN FD;M;SAL-TC275T-64F200W DC
SAB-TC275T_PD-176_Z_CU;SAL-TC275T-64F200N Z CAN FD;M;SAL-TC275TP-64F200N DC
SAB-TC275T_PD-176_C_CU;SAB-TC275T-64F200W C_PD-176;M;SAL-TC275TP-64F200W CA
SAB-TC275T_PD-176_C_CU;SAB-TC275T-64F200W C_PD-176;M;SAL-TC275TP-64F200W CA
SAB-TC275T_PD-176_D_CU;SAB-TC275T-64F200W D_PD-176;M;SAL-TC275TP-64F200W DB
SAB-TC275T_PD-176_Z_CU;SAL-TC275T-64F200W Z NON CAN FD;M;SAL-TC275TP-64F200W DC
SAB-TC277T_PD-292_C_CU;SAB-TC277T-64F200S C_PD-292;M;SAL-TC277T-64F200S CA
SAB-TC277T_PD-292_C_CU;SAB-TC277T-64F200S C_PD-292;M;SAL-TC277T-64F200S CA
SAB-TC277T_PD-292_D_CU;SAB-TC277T-64F200S D_PD-292;M;SAL-TC277T-64F200S DB
SAB-TC277T_PD-292_D_CU;SAB-TC277T-64F200S D_PD-292;M;SAL-TC277T-64F200S DB
SAB-TC277T_PD-292_Z_CU;SAL-TC277T-64F200S Z NON CAN FD;M;SAL-TC277T-64F200S DC
SAB-TC277T_PD-292_Z_CU;SAL-TC277T-64F200S Z NON CAN FD;M;SAL-TC277T-64F200S DC
SAB-TC277T_PD-292_Z_CU;SAL-TC277T-64F200N Z CAN FD;M;SAL-TC277TP-64F200N DC
SAB-TC277T_PD-292_Z_CU;SAL-TC277T-64F200N Z CAN FD;M;SAL-TC277TP-64F200N DC
SAB-TC277T_PD-292_D_CU;SAB-TC277T-64F200S D_PD-292;M;SAL-TC277TP-64F200S DB
SAB-TC277T_PD-292_D_CU;SAB-TC277T-64F200S D_PD-292;M;SAL-TC277TP-64F200S DB
SAB-TC290T_PD-BD_Z;SAL-TC290T-XXF300 Z NON CAN FD;M;SAL-TC290TC-96F300 BC
SAB-TC290T (PD-BD);SAL-TC290T-128F300;M;SAL-TC290TP-128F300 BB
SAB-TC290T_PD-BD_Z;SAL-TC290T-XXF300 Z NON CAN FD;M;SAL-TC290TP-128F300 BC
SAB-TC290T_PD-BD_Z;SAL-TC290T-128F300N Z CAN FD;M;SAL-TC290TP-128F300N BC
SAB-TC298T (PD-416)_CU;SAL-TC298T-128F300L;M;SAL-TC298TP-128F300L BB
SAB-TC298T (PD-416)_CU;SAL-TC298T-128F300L;M;SAL-TC298TP-128F300L BB
SAB-TC298T (PD-416)_CU;SAL-TC298T-128F300L;M;SAL-TC298TP-128F300L BB
SAB-TC298T_PD-416_Z_CU;SAL-TC298T-128F300N Z CAN FD;M;SAL-TC298TP-128F300N BC
SAB-TC298T_PD-416_Z_CU;SAL-TC298T-128F300N Z CAN FD;M;SAL-TC298TP-128F300N BC
SAB-TC298T_PD-416_Z_CU;SAL-TC298T-128F300N Z CAN FD;M;SAL-TC298TP-128F300N BC
SAB-TC299T_PD-516_Z_CU;SAL-TC299T-128F300N Z CAN FD;M;SAL-TC299TP-128F300N BC
SAB-TC299T_PD-516_Z_CU;SAL-TC299T-128F300N Z CAN FD;M;SAL-TC299TP-128F300N BC
SAB-TC299T (PD-516)_CU;SAB-TC299T-128F300S;M;SAL-TC299TP-128F300S BB
SAB-TC299T (PD-516)_CU;SAB-TC299T-128F300S;M;SAL-TC299TP-128F300S BB
SAB-TC322LP_PD-80_CU;SAL-TC322LP-16F160F;X;SAL-TC322LP-16F160F AA
SAB-TC323LP_PD-100_CU;SAL-TC323LP-16F160F;X;SAL-TC323L-24F200F AA
SAB-TC323LP_PD-100_CU;SAL-TC323LP-16F160F;X;SAL-TC323LP-16F160F AA
SAB-TC323LP_PD-100_CU;SAL-TC323LP-16F160F;X;SAL-TC323LP-24F200F AA
SAB-TC324LP_PD-144_CU;SAL-TC324LP-16F160F;X;SAL-TC324L-24F200F AA
SAB-TC324LP_PD-144_CU;SAL-TC324LP-16F160F;X;SAL-TC324LP-16F160F AA
SAB-TC324LP_PD-144_CU;SAL-TC324LP-16F160F;X;SAL-TC324LP-24F200F AA
SAB-TC327LP_PD-292_CU;SAL-TC327LP-16F160S;X;SAL-TC327LP-16F160S AA
SAB-TC332LP_PD-80_CU;SAL-TC332LP-32F200F;X;SAL-TC332LP-32F200F AA
SAB-TC332LP_PD-80_CU;SAL-TC332LP-32F200F;X;SAL-TC332LP-32F300F AA
SAB-TC333LP_PD-100_CU;SAL-TC333LP-32F200F;X;SAL-TC333L-32F200F AA
SAB-TC333LP_PD-100_CU;SAL-TC333LP-32F200F;X;SAL-TC333LP-32F200F AA
SAB-TC333LP_PD-100_CU;SAL-TC333LP-32F200F;X;SAL-TC333LP-32F300F AA
SAB-TC334LP_PD-144_CU;SAL-TC334LP-32F200F;X;SAL-TC334L-32F200F AA
SAB-TC334LP_PD-144_CU;SAL-TC334LP-32F200F;X;SAL-TC334LP-32F200F AA
SAB-TC334LP_PD-144_CU;SAL-TC334LP-32F200F;X;SAL-TC334LP-32F300F AA
SAB-TC336LP_PD-180_CU;SAL-TC336LP-32F200S;X;SAL-TC336LP-32F200S AA
SAB-TC336LP_PD-180_CU;SAL-TC336LP-32F200S;X;SAL-TC336LP-32F300S AA
SAB-TC337LP_PD-292_CU;SAL-TC337LP-32F200S;X;SAL-TC337LP-32F200S AA
SAB-TC337LP_PD-292_CU;SAL-TC337LP-32F200S;X;SAL-TC337LP-32F300S AA
SAB-TC360DP_PD-BD;SAL-TC360DP-64F300;X;SAL-TC360DP-64F200 AA
SAB-TC360DP_PD-BD;SAL-TC360DP-64F300;X;SAL-TC360DP-64F300 AA
SAB-TC364DP_PD-144_0.4_CU;SAL-TC364DP-64F300F;X;SAL-TC364DP-64F200F AA
SAB-TC364DP_PD-144_0.5_CU;SAL-TC364DP-64F300W;X;SAL-TC364DP-64F200W AA
SAB-TC364DP_PD-144_0.4_CU;SAL-TC364DP-64F300F;X;SAL-TC364DP-64F300F AA
SAB-TC364DP_PD-144_0.5_CU;SAL-TC364DP-64F300W;X;SAL-TC364DP-64F300W AA
SAB-TC365DP_PD-176_CU;SAL-TC365DP-64F300W;X;SAL-TC365DP-64F200W AA
SAB-TC365DP_PD-176_CU;SAL-TC365DP-64F300W;X;SAL-TC365DP-64F300W AA
SAB-TC366DP_PD-180_CU;SAL-TC366DP-64F300S;X;SAL-TC366DP-64F200S AA
SAB-TC366DP_PD-180_CU;SAL-TC366DP-64F300S;X;SAL-TC366DP-64F300S AA
SAB-TC367DP_PD-292_CU;SAL-TC367DP-64F300S;X;SAL-TC367DP-64F200S AA
SAB-TC367DP_PD-292_CU;SAL-TC367DP-64F300S;X;SAL-TC367DP-64F300S AA
SAB-TC370TE_ED-BD;SAL-TC370TE-96F300_NO-PLAN;X;SAL-TC370TE-96F300 AB
SAB-TC370TP_PD-BD;SAL-TC370TP-96F300;X;SAL-TC370TP-96F300 AA
SAB-TC375TP_PD-176_CU;SAL-TC375DP-96F300W;X;SAL-TC375DP-96F300S AA
SAB-TC375TP_PD-176_CU;SAL-TC375DP-96F300W;X;SAL-TC375DP-96F300W AA
SAB-TC375TX_ED-176_CU;SAB-TC375TE-96F300W_NO-PLAN;X;SAL-TC375TE-96F300W AB
SAB-TC375TP_PD-176_CU;SAL-TC375TI-96F300W;X;SAL-TC375TI-96F300W AA
SAB-TC375TP_PD-176_CU;SAL-TC375TI-96F300W;X;SAL-TC375TI-96F300W AA
SAB-TC375TP_PD-176_CU;SAL-TC375TP-96F300W;X;SAL-TC375TP-96F300W AA
SAB-TC375TP_PD-176_CU;SAL-TC375TP-96F300W;X;SAL-TC375TP-96F300W AA
SAB-TC377TP_PD-292_CU;SAL-TC377DP-96F300S;X;SAL-TC377DP-96F300S AA
SAB-TC377TX_ED-292_CU;SAL-TC377TX-96F300S;X;SAL-TC377TE-96F300S AB
SAB-TC377TP_PD-292_CU;SAL-TC377TP-96F300S;X;SAL-TC377TP-96F300S AA
SAB-TC377TP_PD-292_CU;SAL-TC377TP-96F300S;X;SAL-TC377TP-96F300S AA
SAB-TC377TX_ED-292_CU;SAL-TC377TX-96F300S;X;SAL-TC377TX-96F300S AB
SAB-TC380QP_PD-BD;SAL-TC380QP-160F300;X;SAL-TC380QP-160F300 AA
SAB-TC380QP_PD-BD;SAL-TC380QP-160F300;X;SAL-TC380QP-160F300 AB
SAB-TC380QP_PD-BD;SAL-TC380QP-160F300;X;SAL-TC380QP-160F300 AD
SAB-TC380QP_PD-BD;SAL-TC380QP-160F300;X;SAL-TC380QP-160F300 AE
SAB-TC387QP_PD-292_CU;SAL-TC387QP-160F300S;X;SAL-TC387QP-160F300S AD
SAB-TC387QP_PD-292_CU;SAL-TC387QP-160F300S_AE;X;SAL-TC387QP-160F300S AE
SAB-TC387QP_PD-292_CU;SAL-TC387QP-160F300S_AE;X;SAL-TC387QP-160F300S AE
SAB-TC387QP_PD-292_CU;SAL-TC387TP-XXXF300S;X;SAL-TC387TP-128F300S AD
SAB-TC387QP_PD-292_CU;SAL-TC387TP-XXXF300S_AE;X;SAL-TC387TP-128F300S AE
SAB-TC387QP_PD-292_CU;SAL-TC387TP-XXXF300S_AE;X;SAL-TC387TP-128F300S AE
SAB-TC387QP_PD-292_CU;SAL-TC387TP-XXXF300S;X;SAL-TC387TP-160F300S AD
SAB-TC387QP_PD-292_CU;SAL-TC387TP-XXXF300S_AE;X;SAL-TC387TP-160F300S AE
SAB-TC387QP_PD-292_CU;SAL-TC387TP-XXXF300S_AE;X;SAL-TC387TP-160F300S AE
SAB-TC389QP_PD-516_CU;SAL-TC389QP-160F300S;X;SAL-TC389QP-160F300S AD
SAB-TC389QP_PD-516_CU;SAL-TC389QP-160F300S_AE;X;SAL-TC389QP-160F300S AE
SAB-TC389QP_PD-516_CU;SAL-TC389QP-160F300S_AE;X;SAL-TC389QP-160F300S AE
SAB-TC390XE_ED-BD;SAL-TC390XE-256F300;X;SAL-TC390XE-256F300 BC
SAB-TC390XE_ED-BD;SAL-TC390XE-256F300;X;SAL-TC390XE-256F300 BD
SAB-TC397X_PDED-292_CU;SAL-TC397QP-256F300S_BD;X;SAL-TC397QP-192F300S BD
SAB-TC397X_PDED-292_CU;SAL-TC397QP-256F300S_BD;X;SAL-TC397QP-192F300S BD
SAB-TC397X_PDED-292_CU;SAL-TC397QP-256F300S_BD;X;SAL-TC397QP-256F300S BD
SAB-TC397X_PDED-292_CU;SAL-TC397QP-256F300S_BD;X;SAL-TC397QP-256F300S BD
SAB-TC397X_PDED-292_CU;SAL-TC397XP-256F300S;X;SAL-TC397XE-256F300S BC
SAB-TC397X_PDED-292_CU;SAL-TC397XP-256F300S_BD;X;SAL-TC397XE-256F300S BD
SAB-TC397X_PDED-292_CU;SAL-TC397XP-256F300S_BD;X;SAL-TC397XE-256F300S BD
SAB-TC397X_PDED-292_CU;SAL-TC397XP-256F300S;X;SAL-TC397XP-256F300S BC
SAB-TC397X_PDED-292_CU;SAL-TC397XP-256F300S_BD;X;SAL-TC397XP-256F300S BD
SAB-TC397X_PDED-292_CU;SAL-TC397XP-256F300S_BD;X;SAL-TC397XP-256F300S BD
SAB-TC397X_PDED-292_CU;SAL-TC397XX-256F300S_BD;X;SAL-TC397XX-256F300S BD
SAB-TC397X_PDED-292_CU;SAL-TC397XX-256F300S_BD;X;SAL-TC397XX-256F300S BD
SAB-TC397X_PDED-292_CU;SAL-TC397XZ-256F300S_BD;X;SAL-TC397XZ-256F300S BD
SAB-TC397X_PDED-292_CU;SAL-TC397XZ-256F300S_BD;X;SAL-TC397XZ-256F300S BD
SAB-TC399X_PDED-516_CU;SAL-TC399XP-256F300S;X;SAL-TC399XE-256F300S BC
SAB-TC399X_PDED-516_CU;SAL-TC399XP-256F300S_BD;X;SAL-TC399XE-256F300S BD
SAB-TC399X_PDED-516_CU;SAL-TC399XP-256F300S_BD;X;SAL-TC399XE-256F300S BD
SAB-TC399X_PDED-516_CU;SAL-TC399XP-256F300S;X;SAL-TC399XP-256F300S BC
SAB-TC399X_PDED-516_CU;SAL-TC399XP-256F300S_BD;X;SAL-TC399XP-256F300S BD
SAB-TC399X_PDED-516_CU;SAL-TC399XP-256F300S_BD;X;SAL-TC399XP-256F300S BD
SAB-TC399X_PDED-516_CU;SAL-TC399XX-256F300S;X;SAL-TC399XX-256F300S BC
SAB-TC399X_PDED-516_CU;SAL-TC399XX-256F300S_BD;X;SAL-TC399XX-256F300S BD
SAB-TC399X_PDED-516_CU;SAL-TC399XX-256F300S_BD;X;SAL-TC399XX-256F300S BD
SAB-TC3E7QX_EVO-292;SAL-TC3E7QF-192F300S;X;SAL-TC3E7QF-192F300S AA
SAB-TC3E7QX_EVO-292;SAL-TC3E7QG-160F300S;X;SAL-TC3E7QG-160F300S AA
SAB-TC3E7QX_EVO-292;SAL-TC3E7QX-192F300S;X;SAL-TC3E7QX-192F300S AA
SAB-TC1782-320FHR_CU;SAK-TC1782N-320FHR;A;TC1782_DAISY CHAIN
SAB-TC1784-320FEL;SAK-TC1784F-320F180EL;A;TC1784-DAISY CHAIN
SAB-TC1791-512FEP_CU;SAB-TC1791-512FEP;A;TC1791-DAISY CHAIN
SAB-TC1793-512FF_CU;SAK-TC1793S-512F270F;A;TC1793 DAISYCHAIN
SAB-TC1798-512FEP_CU;TC1798 DAISYCHAIN;A;TC1798 DAISYCHAIN
SAB-TC387QP_PD-292_CU;SAK-TC387QP-160F300S;X;TC387 DAISY CHAIN